{
    "base8b_on_base3b": {
        "rouge": {
            "rouge1": 0.0431933687269085,
            "rouge2": 0.015257615254725986,
            "rougeL": 0.0420293150949245
        },
        "bleu": {
            "bleu": 0.0023551077801520505
        },
        "bertscore": {
            "precision": 0.77852110683918,
            "recall": 0.8309733751416206,
            "f1": 0.803359352350235
        },
        "meteor": {
            "meteor": 0.09176110022331946
        }
    },
    "base8b_on_sft3b": {
        "rouge": {
            "rouge1": 0.04862877849512468,
            "rouge2": 0.016744957160065424,
            "rougeL": 0.04693657861182578
        },
        "bleu": {
            "bleu": 0.001480944953437761
        },
        "bertscore": {
            "precision": 0.7818409037590027,
            "recall": 0.8328935149312019,
            "f1": 0.8060135087370872
        },
        "meteor": {
            "meteor": 0.10409009808439157
        }
    },
    "base8b_on_kto3b": {
        "rouge": {
            "rouge1": 0.044013346864825505,
            "rouge2": 0.016083614051941583,
            "rougeL": 0.042982001579189105
        },
        "bleu": {
            "bleu": 0.0012183635823489248
        },
        "bertscore": {
            "precision": 0.7766068509221077,
            "recall": 0.8310432612895966,
            "f1": 0.8023958650231361
        },
        "meteor": {
            "meteor": 0.0972536140319672
        }
    },
    "sft3b_on_sft3b": {
        "rouge": {
            "rouge1": 0.07293918705207997,
            "rouge2": 0.02070404608291605,
            "rougeL": 0.07004470366190692
        },
        "bleu": {
            "bleu": 0.0011053468140389791
        },
        "bertscore": {
            "precision": 0.8064098215103149,
            "recall": 0.8254259514808655,
            "f1": 0.8153240111470222
        },
        "meteor": {
            "meteor": 0.12131225389570552
        }
    },
    "kto3b_on_kto3b": {
        "rouge": {
            "rouge1": 0.03603108930962324,
            "rouge2": 0.012257054334095305,
            "rougeL": 0.03501903063100497
        },
        "bleu": {
            "bleu": 0.0009478990741132885
        },
        "bertscore": {
            "precision": 0.7766560673713684,
            "recall": 0.8273788174986839,
            "f1": 0.8006226825714111
        },
        "meteor": {
            "meteor": 0.07584868387136497
        }
    },
    "base3b_on_base3b": {
        "rouge": {
            "rouge1": 0.03329089121972714,
            "rouge2": 0.009429730151259955,
            "rougeL": 0.03198577115207542
        },
        "bleu": {
            "bleu": 0.0006984868126198901
        },
        "bertscore": {
            "precision": 0.7771984928846359,
            "recall": 0.8231658682227134,
            "f1": 0.7989246383309364
        },
        "meteor": {
            "meteor": 0.06793253100698396
        }
    }
}